Name,Position,College,Rank,Year
Fernando Mendoza,QB,Indiana,1,2026
Arvell Reese,LB,Ohio State,2,2026
Rueben Bain Jr.,DE,Miami,3,2026
Francis Mauigoa,OT,Miami,4,2026
Spencer Fano,OT,Utah,5,2026
David Bailey,DE,Texas Tech,6,2026
Carnell Tate,WR,Ohio State,7,2026
Caleb Downs,S,Ohio State,8,2026
Jordyn Tyson,WR,Arizona State,9,2026
Jeremiyah Love,RB,Notre Dame,10,2026
Mansoor Delane,CB,LSU,11,2026
Sonny Styles,LB,Ohio State,12,2026
Makai Lemon,WR,USC,13,2026
Jermod McCoy,CB,Tennessee,14,2026
Keldric Faulk,DE,Auburn,15,2026
Peter Woods,DT,Clemson,16,2026
Olaivavega Ioane,IOL,Penn State,17,2026
Kenyon Sadiq,TE,Oregon,18,2026
Kadyn Proctor,OT,Alabama,19,2026
Avieon Terrell,CB,Clemson,20,2026
Cashius Howell,DE,Texas A&M,21,2026
Denzel Boston,WR,Washington,22,2026
Ty Simpson,QB,Alabama,23,2026
Caleb Lomu,OT,Utah,24,2026
Caleb Banks,DT,Florida,25,2026
KC Concepcion,WR,Texas A&M,26,2026
Kayden McDonald,DT,Ohio State,27,2026
T.J. Parker,DE,Clemson,28,2026
C.J. Allen,LB,Georgia,29,2026
Akheem Mesidor,DE,Miami,30,2026
Brandon Cisse,CB,South Carolina,31,2026
Colton Hood,CB,Tennessee,32,2026
Monroe Freeling,OT,Georgia,33,2026
Emmanuel McNeil-Warren,S,Toledo,34,2026
Lee Hunter,DT,Texas Tech,35,2026
Emmanuel Pregnon,IOL,Oregon,36,2026
Anthony Hill Jr.,LB,Texas,37,2026
Blake Miller,OT,Clemson,38,2026
Zion Young,DE,Missouri,39,2026
Christen Miller,DT,Georgia,40,2026
R Mason Thomas,DE,Oklahoma,41,2026
Keith Abney II,CB,Arizona State,42,2026
Gennings Dunker,OT,Iowa,43,2026
Zachariah Branch,WR,Georgia,44,2026
Dillon Thieneman,S,Oregon,45,2026
Chris Johnson,CB,San Diego State,46,2026
Chris Bell,WR,Louisville,47,2026
Max Iheanachor,OT,Arizona State,48,2026
Malachi Fields,WR,Notre Dame,49,2026
Chase Bisontis,IOL,Texas A&M,50,2026
Jake Golday,LB,Cincinnati,51,2026
Germie Bernard,WR,Alabama,52,2026
Elijah Sarratt,WR,Indiana,53,2026
L.T. Overton,DE,Alabama,54,2026
A.J. Haulcy,S,LSU,55,2026
Omar Cooper Jr.,WR,Indiana,56,2026
D'Angelo Ponds,CB,Indiana,57,2026
Joshua Josephs,DE,Tennessee,58,2026
Keionte Scott,CB,Miami,59,2026
Chris Brazzell,WR,Tennessee,60,2026
Jadarian Price,RB,Notre Dame,61,2026
Trinidad Chambliss,QB,Mississippi,62,2026
Josiah Trotter,LB,Missouri,63,2026
Caleb Tiernan,OT,Northwestern,64,2026
Romello Height,DE,Texas Tech,65,2026
Jacob Rodriguez,LB,Texas Tech,66,2026
Derrick Moore,DE,Michigan,67,2026
Gabe Jacas,DE,Illinois,68,2026
Domonique Orange,DT,Iowa State,69,2026
Kamari Ramsey,S,USC,70,2026
Jonah Coleman,RB,Washington,71,2026
Malik Muhammad,CB,Texas,72,2026
Connor Lew,IOL,Auburn,73,2026
Ja'Kobi Lane,WR,USC,74,2026
Isaiah World,OT,Oregon,75,2026
Antonio Williams,WR,Clemson,76,2026
Max Klare,TE,Ohio State,77,2026
Davison Igbinosun,CB,Ohio State,78,2026
Emmett Johnson,RB,Nebraska,79,2026
Garrett Nussmeier,QB,LSU,80,2026
Darrell Jackson Jr.,DT,Florida State,81,2026
Dani Dennis-Sutton,DE,Penn State,82,2026
Eli Stowers,TE,Vanderbilt,83,2026
Brian Parker II,OT,Duke,84,2026
Keylan Rutledge,IOL,Georgia Tech,85,2026
Sam Hecht,IOL,Kansas State,86,2026
Dontay Corleone,DT,Cincinnati,87,2026
Zakee Wheatley,S,Penn State,88,2026
Ted Hurst,WR,Georgia State,89,2026
Deontae Lawson,LB,Alabama,90,2026
Malachi Lawrence,DE,UCF,91,2026
Julian Neal,CB,Arkansas,92,2026
Michael Trigg,TE,Baylor,93,2026
Genesis Smith,S,Arizona,94,2026
Skyler Bell,WR,Connecticut,95,2026
Jalon Kilgore,S,South Carolina,96,2026
Gracen Halton,DT,Oklahoma,97,2026
Devin Moore,CB,Florida,98,2026
Chandler Rivers,CB,Duke,99,2026
Mike Washington Jr.,RB,Arkansas,100,2026
Kaytron Allen,RB,Penn State,101,2026
Justin Joly,TE,North Carolina State,102,2026
Treydan Stukes,CB,Arizona,103,2026
Will Lee III,CB,Texas A&M,104,2026
Jake Slaughter,IOL,Florida,105,2026
Bud Clark,S,TCU,106,2026
Nick Singleton,RB,Penn State,107,2026
Dametrious Crownover,OT,Texas A&M,108,2026
Kyle Louis,LB,Pittsburgh,109,2026
Logan Jones,IOL,Iowa,110,2026
Deion Burks,WR,Oklahoma,111,2026
Parker Brailsford,IOL,Alabama,112,2026
Austin Barber,OT,Florida,113,2026
Harold Perkins,LB,LSU,114,2026
Anthony Lucas,DE,USC,115,2026
Oscar Delp,TE,Georgia,116,2026
Tim Keenan III,DT,Alabama,117,2026
Carson Beck,QB,Miami,118,2026
Taurean York,LB,Texas A&M,119,2026
Beau Stephens,IOL,Iowa,120,2026
Jude Bowry,OT,Boston College,121,2026
Daylen Everette,CB,Georgia,122,2026
Louis Moore,S,Indiana,123,2026
Chris McClellan,DT,Missouri,124,2026
Kevin Coleman Jr.,WR,Missouri,125,2026
Eli Raridon,TE,Notre Dame,126,2026
Drew Shelton,OT,Penn State,127,2026
Jaishawn Barham,LB,Michigan,128,2026
Jack Endries,TE,Texas,129,2026
Skyler Gill-Howard,DT,Texas Tech,130,2026
Bryce Lance,WR,North Dakota State,131,2026
Michael Taaffe,S,Texas,132,2026
Caden Curry,DE,Ohio State,133,2026
C.J. Daniels,WR,Miami,134,2026
Dallen Bentley,TE,Utah,135,2026
Tacario Davis,CB,Washington,136,2026
Rayshaun Benny,DT,Michigan,137,2026
Brenen Thompson,WR,Mississippi State,138,2026
Sawyer Robertson,QB,Baylor,139,2026
Zane Durant,DT,Penn State,140,2026
Josh Cameron,WR,Baylor,141,2026
J.C. Davis,OT,Illinois,142,2026
Kage Casey,OT,Boise State,143,2026
Lander Barton,LB,Utah,144,2026
Tyreak Sapp,DE,Florida,145,2026
Aiden Fisher,LB,Indiana,146,2026
Mikail Kamara,DE,Indiana,147,2026
DeMonte Capehart,DT,Clemson,148,2026
Sam Roush,TE,Stanford,149,2026
Max Llewellyn,DE,Iowa,150,2026
Fa'alili Fa'amoe,OT,Wake Forest,151,2026
Keyron Crawford,DE,Auburn,152,2026
Hezekiah Masses,CB,California,153,2026
Joe Royer,TE,Cincinnati,154,2026
Reggie Virgil,WR,Texas Tech,155,2026
Ar'maj Reed-Adams,IOL,Texas A&M,156,2026
Bryce Boettcher,LB,Oregon,157,2026
Fernando Carmona,IOL,Arkansas,158,2026
Marlin Klein,TE,Michigan,159,2026
Febechi Nwaiwu,IOL,Oklahoma,160,2026
Pat Coogan,IOL,Indiana,161,2026
Trey Zuhn III,OT,Texas A&M,162,2026
Josh Cuevas,TE,Alabama,163,2026
Cole Payton,QB,North Dakota State,164,2026
Nate Boerkircher,TE,Texas A&M,165,2026
Tanner Koziol,TE,Houston,166,2026
Matt Gulbin,IOL,Michigan State,167,2026
John Michael Gyllenborg,TE,Wyoming,168,2026
Kaelon Black,RB,Indiana,169,2026
Jaeden Roberts,IOL,Alabama,170,2026
Cade Klubnik,QB,Clemson,171,2026
Nadame Tucker,DE,Western Michigan,172,2026
Seth McGowan,RB,Kentucky,173,2026
Caleb Douglas,WR,Texas Tech,174,2026
Chase Roberts,WR,BYU,175,2026
De'Zhaun Stribling,WR,Mississippi,176,2026
Roman Hemby,RB,Indiana,177,2026
Vincent Anthony Jr.,DE,Duke,178,2026
Markel Bell,OT,Miami,179,2026
Zxavian Harris,DT,Mississippi,180,2026
Eric McAlister,WR,TCU,181,2026
Thaddeus Dixon,CB,North Carolina,182,2026
Dae'Quan Wright,TE,Mississippi,183,2026
Ephesians Prysock,CB,Washington,184,2026
Drew Allar,QB,Penn State,185,2026
Demond Claiborne,RB,Wake Forest,186,2026
Jeremiah Wright,IOL,Auburn,187,2026
Adam Randall,RB,Clemson,188,2026
Jager Burton,IOL,Kentucky,189,2026
Domani Jackson,CB,Alabama,190,2026
D.J. Campbell,IOL,Texas,191,2026
Lewis Bond,WR,Boston College,192,2026
Taylen Green,QB,Arkansas,193,2026
Cameron Ball,DT,Arkansas,194,2026
TJ Hall,CB,Iowa,195,2026
Quintayvious Hutchins,DE,Boston College,196,2026
Riley Nowakowski,TE,Indiana,197,2026
Robert Henry Jr.,RB,UTSA,198,2026
Jaydn Ott,RB,Oklahoma,199,2026
VJ Payne,S,Kansas State,200,2026
Jakobe Thomas,S,Miami,201,2026
Dane Key,WR,Nebraska,202,2026
Bishop Fitzgerald,S,USC,203,2026
Kaden Wetjen,WR,Iowa,204,2026
Cyrus Allen,WR,Cincinnati,205,2026
Aamil Wagner,OT,Notre Dame,206,2026
J'Mari Taylor,RB,Virginia,207,2026
Logan Fano,DE,Utah,208,2026
Connor Tollison,IOL,Missouri,209,2026
Kaleb Elarms-Orr,LB,TCU,210,2026
Kaleb Proctor,DT,Southeastern Louisiana,211,2026
Jalen Catalon,S,Missouri,212,2026
Keagen Trost,IOL,Missouri,213,2026
Logan Taylor,IOL,Boston College,214,2026
Noah Whittington,RB,Oregon,215,2026
Anez Cooper,IOL,Miami,216,2026
Jadon Canady,CB,Oregon,217,2026
Trey Moore,DE,Texas,218,2026
Cole Wisniewski,S,Texas Tech,219,2026
Jamarion Miller,RB,Alabama,220,2026
Xavier Nwankpa,S,Iowa,221,2026
Deven Eastern,DT,Minnesota,222,2026
Albert Regis,DT,Texas A&M,223,2026
Barion Brown,WR,LSU,224,2026
James Thompson Jr.,DT,Illinois,225,2026
James Brockermeyer,IOL,Miami,226,2026
Aaron Anderson,WR,LSU,227,2026
Eric Rivers,WR,Georgia Tech,228,2026
Robert Spears-Jennings,S,Oklahoma,229,2026
Charles Demmings,CB,Stephen F. Austin,230,2026
Luke Altmyer,QB,Illinois,231,2026
Zavion Thomas,WR,LSU,232,2026
Keyshawn James-Newby,DE,New Mexico,233,2026
Caden Barnett,OT,Wyoming,234,2026
Colbie Young,WR,Georgia,235,2026
Le'Veon Moss,RB,Texas A&M,236,2026
Wesley Williams,DT,Duke,237,2026
Tyren Montgomery,WR,John Carroll,238,2026
Cole Brevard,DT,Texas,239,2026
Seydou Traore,TE,Mississippi State,240,2026
TJ Guy,DE,Michigan,241,2026
Eric Gentry,LB,USC,242,2026
DeShon Singleton,S,Nebraska,243,2026
Devan Boykin,S,Indiana,244,2026
Patrick Payton,DE,LSU,245,2026
Devon Marshall,CB,North Carolina State,246,2026
Jermaine Mathews Jr.,CB,Ohio State,247,2026
Red Murdock,LB,Buffalo,248,2026
Eli Heidenreich,WR,Navy,249,2026
Eric O'Neill,DE,Rutgers,250,2026
Jalon Daniels,QB,Kansas,251,2026
Delby Lemieux,IOL,Dartmouth,252,2026
Riley Mahlman,OT,Wisconsin,253,2026
R.J. Maryland,TE,SMU,254,2026
DJ Harvey,CB,USC,255,2026
Keelan Marion,WR,Miami,256,2026
Tristan Leigh,OT,Clemson,257,2026
Hank Beatty,WR,Illinois,258,2026
Chris Hilton,WR,LSU,259,2026
Miles Kitselman,TE,Tennessee,260,2026
Isaiah Nwokobia,S,SMU,261,2026
Carver Willis,OT,Washington,262,2026
Jeff Caldwell,WR,Cincinnati,263,2026
Nyjalik Kelly,DE,UCF,264,2026
Namdi Obiazor,LB,TCU,265,2026
Drew Stevens,K,Iowa,266,2026
Ryan Eckley,P,Michigan State,267,2026
Scooby Williams,LB,Texas A&M,268,2026
Luke Basso,LS,Oregon,269,2026
Jalen McMurray,CB,Tennessee,270,2026
Fred Davis II,CB,Northwestern,271,2026
Bryson Eason,DT,Tennessee,272,2026
Beau Gardner,LS,Georgia,273,2026
Devin Voisin,WR,South Alabama,274,2026
Will Ferrin,K,BYU,275,2026
Jayden Williams,OT,Mississippi,276,2026
C.J. Donaldson,RB,Ohio State,277,2026
Aaron Graves,DT,Iowa,278,2026
Nick Barrett,DT,South Carolina,279,2026
Jamal Haynes,RB,Georgia Tech,280,2026
Micah Morris,IOL,Georgia,281,2026
Mason Reiger,DE,Wisconsin,282,2026
Jack Pyburn,DE,LSU,283,2026
Jack Kelly,LB,BYU,284,2026
Terry Webb,DT,SMU,285,2026
Jalen Stroman,S,Notre Dame,286,2026
Alex Harkey,OT,Oregon,287,2026
Jeadyn Lukus,CB,Clemson,288,2026
Myles Rowser,S,Arizona State,289,2026
Vinny Anthony II,WR,Wisconsin,290,2026
Jalen Huskey,CB,Maryland,291,2026
Curtis Allen,RB,Virginia Union,292,2026
Billy Schrauth,IOL,Notre Dame,293,2026
Diego Pavia,QB,Vanderbilt,294,2026
Joshua Braun,IOL,Kentucky,295,2026
Jalen Farmer,IOL,Kentucky,296,2026
Micah Pettus,OT,Florida State,297,2026
Miller Moss,QB,Louisville,298,2026
Athan Kaliakmanis,QB,Rutgers,299,2026
Peyton Bowen,S,Oklahoma,300,2026
Blake Cotton,CB,Utah,301,2026
Keeshawn Silver,DT,USC,302,2026
Jeffrey M'ba,DT,SMU,303,2026
Kendrick Law,WR,Kentucky,304,2026
Jaden Dugger,LB,Louisiana Lafayette,305,2026
Dillon Wade,IOL,Auburn,306,2026
Kejon Owens,RB,Florida International,307,2026
Skyler Thomas,S,Oregon State,308,2026
David Gusta,DT,Kentucky,309,2026
Kobe Baynes,IOL,Kansas,310,2026
Justin Jefferson,LB,Alabama,311,2026
Desmond Reid,RB,Pittsburgh,312,2026
Garrett DiGiorgio,OT,UCLA,313,2026
George Gumbs Jr.,DE,Florida,314,2026
Collin Wright,CB,Stanford,315,2026
Jacob Thomas,S,James Madison,316,2026
Nolan Rucci,OT,Penn State,317,2026
Jimmy Rolder,LB,Michigan,318,2026
Emmanuel Henderson,WR,Kansas,319,2026
Jaylon Guilbeau,CB,Texas,320,2026
Wesley Bissainthe,LB,Miami,321,2026
James Neal,IOL,Iowa State,322,2026
Marcus Allen,CB,North Carolina,323,2026
D.Q. Smith,S,South Carolina,324,2026
Trey Smack,K,Florida,325,2026
Dominic Zvada,K,Michigan,326,2026
Austin Brown,S,Wisconsin,327,2026
Giovanni El-Hadi,IOL,Michigan,328,2026
Behren Morton,QB,Texas Tech,329,2026
Malik Benson,WR,Oregon,330,2026
Caden Fordham,LB,North Carolina State,331,2026
Ahmari Harvey,CB,Georgia Tech,332,2026
Michael Heldman,DE,Central Michigan,333,2026
Tommy Doman,P,Florida,334,2026
Travis Burke,OT,Memphis,335,2026
Aidan Hubbard,DE,Northwestern,336,2026
Karson Sharar,LB,Iowa,337,2026
Kolbey Taylor,CB,Vanderbilt,338,2026
West Weeks,LB,LSU,339,2026
Aaron Hall,DT,Duke,340,2026
Dalton Johnson,S,Arizona,341,2026
Jackson Kuwatch,DE,Miami (Ohio),342,2026
Jack Stonehouse,P,Syracuse,343,2026
David Blay,DT,Miami,344,2026
Jarod Washington,CB,South Carolina State,345,2026
Bauer Sharp,TE,LSU,346,2026
Tyler Duzansky,LS,Penn State,347,2026
Declan Williams,LB,Incarnate Word,348,2026
Garrison Grimes,LS,BYU,349,2026
Kentrel Bullock,RB,South Alabama,350,2026
Joe Cooper,OT,Slippery Rock,351,2026
Michael Wortham,WR,Montana,352,2026
Evan Beerntsen,IOL,Northwestern,353,2026
Joe Fagnano,QB,Connecticut,354,2026
J. Michael Sturdivant,WR,Florida,355,2026
Elijah Pritchett,OT,Nebraska,356,2026
Dan Villari,TE,Syracuse,357,2026
Ethan Onianwa,OT,Ohio State,358,2026
Khalil Dinkins,TE,Penn State,359,2026
Noah Thomas,WR,Georgia,360,2026
Lake McRee,TE,USC,361,2026
Ka'ena Decambra,IOL,Arizona,362,2026
Max Bredeson,RB,Michigan,363,2026
Owen Heinecke,LB,Oklahoma,364,2026
Ceyair Wright,CB,Nebraska,365,2026
Kendal Daniels,S,Oklahoma,366,2026
Xavian Sorey Jr.,LB,Arkansas,367,2026
Bryan Thomas Jr.,DE,South Carolina,368,2026
Reuben Unije,OT,UCLA,369,2026
Alan Herron,IOL,Maryland,370,2026
Dillon Bell,WR,Georgia,371,2026
Tanner Arkin,TE,Illinois,372,2026
Romello Brinson,WR,SMU,373,2026
Kalil Alexander,DE,Texas State,374,2026
Jackie Marshall,DT,Baylor,375,2026
Mark Gronowski,QB,Iowa,376,2026
Jerry Wilson,CB,Florida State,377,2026
Tomas Rimac,IOL,Virginia Tech,378,2026
Palmer Williams,P,Baylor,379,2026
Chip Trayanum,RB,Toledo,380,2026
Haynes King,QB,Georgia Tech,381,2026
Izavion Miller,OT,Auburn,382,2026
Squirrel White,WR,Florida State,383,2026
Harrison Wallace III,WR,Mississippi,384,2026
Will Kacmarek,TE,Ohio State,385,2026
Keyshaun Elliott,LB,Arizona State,386,2026
Dean Connors,RB,Houston,387,2026
Tyler Onyedim,DT,Texas A&M,388,2026
Jordan Hudson,WR,SMU,389,2026
Carsen Ryan,TE,BYU,390,2026
Sheridan Wilson,IOL,Texas Tech,391,2026
Caullin Lacy,WR,Louisville,392,2026
Ricardo Hallman,CB,Wisconsin,393,2026
Brett Thorson,P,Georgia,394,2026
P.J. Williams,OT,SMU,395,2026
Lance Mason,TE,Wisconsin,396,2026
J'Mond Tapp,DE,Southern Mississippi,397,2026
Wydett Williams Jr.,S,Mississippi,398,2026
Trevor Lauck,OT,Iowa,399,2026
Ben Bell,DE,Virginia Tech,400,2026
Gary Smith III,DT,UCLA,401,2026
Andre Fuller,CB,Toledo,402,2026
Josh Moten,CB,Southern Mississippi,403,2026
Dorion Strawn,OT,Texas State,404,2026
Jahiem Lawson,DE,Clemson,405,2026
Ethan Burke,DE,Texas,406,2026
Brent Austin,CB,California,407,2026
Josh Thompson,IOL,LSU,408,2026
Avery Smith,CB,Toledo,409,2026
Derek Simmons,OT,Oklahoma,410,2026
Diego Pounds,OT,Mississippi,411,2026
Dalton Brooks,S,Texas A&M,412,2026
Ernest Hausmann,LB,Michigan,413,2026
Braelin Moore,IOL,LSU,414,2026
Bryce Foster,IOL,Kansas,415,2026
Earnest Greene,OT,Georgia,416,2026
Jaren Kanak,TE,Oklahoma,417,2026
Wendell Moe Jr.,IOL,Tennessee,418,2026
Brett Norfleet,TE,Missouri,419,2026
Tyre West,DE,Tennessee,420,2026
Cian Slone,DE,North Carolina State,421,2026
Noah Josey,IOL,Virginia,422,2026
Miles Scott,S,Illinois,423,2026
D.J. Hicks,DT,Texas A&M,424,2026
Isaiah Glasker,LB,BYU,425,2026
Joey Aguilar,QB,Tennessee,426,2026
Rene Konga,DT,Louisville,427,2026
Michael Kilbane,DE,Northwestern,428,2026
Matthew Hibner,TE,SMU,429,2026
DJ Rogers,TE,TCU,430,2026
Dominic Bailey,DE,Tennessee,431,2026
Davaughn Patterson,S,Wake Forest,432,2026
Jameson Geers,TE,Minnesota,433,2026
Jordan Dwyer,WR,TCU,434,2026
Griffin Wilde,WR,Northwestern,435,2026
Rahsul Faison,RB,South Carolina,436,2026
Dayon Hayes,DE,Texas A&M,437,2026
Jalil Farooq,WR,Maryland,438,2026
Devean Deal,DE,TCU,439,2026
Rocco Spindler,IOL,Nebraska,440,2026
Kam Robinson,LB,Virginia,441,2026
Ben Taylor-Whitfield,OT,TCU,442,2026
Marvin Jones Jr.,DE,Oklahoma,443,2026
Ahmaad Moses,S,SMU,444,2026
Charles Jagusah,IOL,Notre Dame,445,2026
Isaiah Jatta,OT,BYU,446,2026
Toriano Pride,CB,Missouri,447,2026
Toby Payne,TE,Marshall,448,2026
Dariel Djabome,LB,Rutgers,449,2026
Jayden Virgin-Morgan,DE,Boise State,450,2026
Chris Adams,IOL,Memphis,451,2026
Jordan van den Berg,DT,Georgia Tech,452,2026
Hero Kanu,DT,Texas,453,2026
Amare Thomas,WR,Houston,454,2026
Clay Patterson,DT,Stanford,455,2026
Devonta Smith,CB,Notre Dame,456,2026
Sabastian Harsh,DT,North Carolina State,457,2026
Keanu Tanuvasa,DT,BYU,458,2026
Isaac Smith,S,Mississippi State,459,2026
Jalen Walthall,WR,Incarnate Word,460,2026
Gunner Stockton,QB,Georgia,461,2026
Terion Stewart,RB,Virginia Tech,462,2026
Thomas Castellanos,QB,Florida State,463,2026
Tyreek Chappell,CB,Texas A&M,464,2026
Trebor Pena,WR,Penn State,465,2026
Jake Retzlaff,QB,Tulane,466,2026
Conner Weigman,QB,Houston,467,2026
Kyron Drones,QB,Virginia Tech,468,2026
Kevin Jennings,QB,SMU,469,2026
Devon Dampier,QB,Utah,470,2026
Landon Robinson,DT,Navy,471,2026
Davion Carter,IOL,Texas Tech,472,2026
Jack Velling,TE,Michigan State,473,2026
Brandon Cleveland,DT,North Carolina State,474,2026
Antonio Kite,CB,Mississippi,475,2026
Roderick Kearney,OT,Florida,476,2026
Luke Petitbon,IOL,Florida State,477,2026
Dasan McCullough,DE,Nebraska,478,2026
Samson Okunlola,OT,Miami,479,2026
Jordan Hall,DT,Georgia,480,2026
Cormani McClain,CB,Florida,481,2026
Vic Burley,DT,Clemson,482,2026
Raylen Wilson,LB,Georgia,483,2026
Rueben Owens,RB,Texas A&M,484,2026
Hykeem Williams,WR,Colorado,485,2026
Dijon Johnson,CB,Florida,486,2026
Jason Moore,DT,Ohio State,487,2026
Bravion Rogers,CB,Texas A&M,488,2026
Chimdy Onoh,OT,Penn State,489,2026
Jaybron Harvey,DE,North Carolina,490,2026
Calvin Simpson-Hunt,CB,Baylor,491,2026
Nathan Leacock,WR,North Carolina,492,2026
Cordale Russell,WR,Miami (Ohio),493,2026
Joshua Padilla,IOL,Ohio State,494,2026
Brandon Inniss,WR,Ohio State,495,2026
Jayden Wayne,DE,California,496,2026
Jahlil Hurley,CB,Kansas,497,2026
Cooper Flanagan,TE,Notre Dame,498,2026
Ryan Niblett,WR,Texas,499,2026
Ethan Davis,TE,Tennessee,500,2026
Damari Brown,CB,Miami,501,2026
Ta'Mere Robinson,LB,USC,502,2026
Braylon James,WR,TCU,503,2026
Daevin Hobbs,DT,Tennessee,504,2026
Jayvon Thomas,CB,Texas A&M,505,2026
Raymond Cottrell,WR,West Alabama,506,2026
Jaxon Howard,DE,Minnesota,507,2026
Michael Harris,LB,Maryland,508,2026
Javien Toviano,S,LSU,509,2026
Tony Rojas,LB,Penn State,510,2026
Edric Hill,DT,Alabama,511,2026
Ayden Williams,WR,Mississippi State,512,2026
Lewis Carter,LB,UCF,513,2026
Harris Sewell,IOL,Clemson,514,2026
Anthony Evans III,WR,Mississippi State,515,2026
Colton Vasek,DE,Texas,516,2026
Braylan Shelby,DE,USC,517,2026
Derion Gullette,DE,Mississippi State,518,2026
Tausili Akana,LB,BYU,519,2026
Shamurad Umarov,OT,Tennessee,520,2026
Jamaal Jarrett,DT,USC,521,2026
Jameial Lyons,DE,Penn State,522,2026
Jaiden Ausberry,LB,Notre Dame,523,2026
Jaquaize Pettaway,WR,East Carolina,524,2026
Ian Reed,IOL,Clemson,525,2026
Kylin Jackson,S,TCU,526,2026
Samuel Singleton Jr.,RB,Florida State,527,2026
Elijah Paige,OT,USC,528,2026
Luke Hasz,TE,Mississippi,529,2026
Jordan Bass,LB,Virginia Tech,530,2026
Rodrick Pleasant,CB,UCLA,531,2026
Jamel Johnson,S,TCU,532,2026
Markis Deal,DT,TCU,533,2026
Quinten Joyner,RB,Texas Tech,534,2026
Shelton Sampson Jr.,WR,Louisiana Lafayette,535,2026
Bai Jobe,DE,Miami (Ohio),536,2026
Madden Sanker,OT,Louisville,537,2026
Troy Bowles,LB,Michigan,538,2026
Markee Anderson,IOL,South Carolina,539,2026
Cole Martin,CB,UCLA,540,2026
Samuel M'Pemba,DE,Texas A&M,541,2026
Anthony Donkoh,OT,Penn State,542,2026
Shamar Easter,TE,North Carolina,543,2026
Tyler White,P,Texas A&M,544,2026
Jaylon Braxton,CB,Mississippi,545,2026
Djay Braswell,RB,Georgia State,546,2026
Xzavier McLeod,DT,Georgia,547,2026
Jaydon Chatman,OT,Texas,548,2026
Gabe Harris,DE,Georgia,549,2026
Robert Stafford,CB,UCLA,550,2026
Jalen Brown,WR,Arkansas,551,2026
Andrew Rappleyea,TE,Penn State,552,2026
Kedrick Reescano,RB,Arizona,553,2026
Makari Vickers,CB,Colorado,554,2026
Luke Montgomery,IOL,Ohio State,555,2026
Hunter Clegg,DE,BYU,556,2026
Ja'Keem Jackson,CB,LSU,557,2026
Brenan Vernon,DT,Notre Dame,558,2026
Jacobe Johnson,CB,Oklahoma,559,2026
Kamran James,DE,Florida,560,2026
Mikey Matthews,WR,UCLA,561,2026
BJ Williams,IOL,Pittsburgh,562,2026
London Humphreys,WR,Georgia,563,2026
Evan Link,OT,Michigan,564,2026
Kaden Feagin,RB,Illinois,565,2026
Brandon Henderson,IOL,Illinois,566,2026
Sedrick Alexander,RB,Vanderbilt,567,2026
Carter Davis,S,Boston College,568,2026
Cruce Brookins,S,Pittsburgh,569,2026
Judge Collier,CB,South Carolina,570,2026
Conor Talty,K,Alabama,571,2026
Carl Williams IV,S,Baylor,572,2026
Phillip Daniels,OT,Ohio State,573,2026
A'Marion McCoy,CB,Boise State,574,2026
Calvin Clements,OT,Kansas,575,2026
Tyler Brown,WR,Clemson,576,2026
Nicolas Radicic,K,Indiana,577,2026
Alexander Doost,IOL,Arizona,578,2026
Caden Jenkins,CB,Baylor,579,2026
Marcus Ratcliffe,S,Texas A&M,580,2026
James Durand,IOL,Western Illinois,581,2026
Martel Hight,CB,Vanderbilt,582,2026
Joey Schlaffer,TE,Penn State,583,2026
Alex Kilgore,LB,SMU,584,2026
Hank Brown,QB,Iowa,585,2026
Jarra Anderson,DT,Arizona,586,2026
Evan Tengesdahl,IOL,Cincinnati,587,2026
Stanquan Clark,LB,Louisville,588,2026
Brock Taylor,K,Vanderbilt,589,2026
Kerry Brown,S,Minnesota,590,2026
Declan Duley,P,Central Michigan,591,2026
Grayson Loftis,QB,Charlotte,592,2026
Ryder Burns,LS,Southern Mississippi,593,2026
Davin Stoffel,TE,Illinois,594,2026
Kansei Matsuzawa,K,Hawaii,595,2026
Elijah Prather,IOL,Troy,596,2026
Denver Harris,CB,UNLV,597,2026
Jaylen Sneed,LB,Notre Dame,598,2026
Jeremiah Alexander,DE,Clemson,599,2026
Travis Shaw,DT,Texas,600,2026
Zach Rice,IOL,Syracuse,601,2026
Gabriel Brownlow-Dindy,DT,South Carolina,602,2026
Dave Iuli,IOL,Oregon,603,2026
Antonio Gates Jr.,WR,Delaware State,604,2026
Holden Staes,TE,Indiana,605,2026
Khurtiss Perry,DT,Jacksonville State,606,2026
Julian Armella,IOL,UCLA,607,2026
Collin Sadler,OT,Clemson,608,2026
Andre Greene Jr.,WR,Virginia,609,2026
Jaylon Glover,RB,UNLV,610,2026
Amari Niblack,TE,Texas A&M,611,2026
Popeye Williams,DE,Western Michigan,612,2026
Braylin Presley,WR,Tulsa,613,2026
Kaleb Brown,WR,UAB,614,2026
Keaten Wade,DE,Colorado,615,2026
Zion Branch,S,Georgia,616,2026
TreVonte Citizen,RB,McNeese State,617,2026
Carson Hinzman,IOL,Ohio State,618,2026
J.Q. Hardaway,CB,Kentucky,619,2026
Justice Finkley,DE,Kansas,620,2026
Cam Miller,CB,Rutgers,621,2026
Kyion Grayes,WR,California,622,2026
Dayne Shor,OT,Akron,623,2026
Shawn Murphy,LB,South Carolina,624,2026
Cole Hutson,IOL,Texas,625,2026
Jack Pedersen,TE,UCLA,626,2026
Kobe Prentice,WR,Baylor,627,2026
Maalik Murphy,QB,Oregon State,628,2026
Patrick Kutas,IOL,Mississippi,629,2026
Jaleel Skinner,TE,Louisville,630,2026
Julian Humphrey,CB,Texas A&M,631,2026
Keenan Nelson Jr.,S,Ohio State,632,2026
Darris Smith,DE,Missouri,633,2026
Devon Jackson,LB,Oregon,634,2026
Talyn Shettron,WR,Oklahoma State,635,2026
Jyaire Brown,CB,UCF,636,2026
Jacoby Matthews,S,Auburn,637,2026
Malick Sylla,DE,Mississippi State,638,2026
C.J. Williams,WR,Stanford,639,2026
Kam Dewberry,IOL,Alabama,640,2026
Branson Robinson,RB,Georgia State,641,2026
Tobias Merriweather,WR,Utah,642,2026
Jacolby Spells,CB,West Virginia,643,2026
Jamari Lyons,DT,Florida,644,2026
Omari Abor,DE,SMU,645,2026
Quency Wiggins,DE,Colorado,646,2026
Benji Gosnell,TE,Virginia Tech,647,2026
Isaiah Brown-Murray,CB,Virginia Tech,648,2026
Aidan Gousby,S,Minnesota,649,2026
Matthew Bailey,S,Illinois,650,2026
Jeremiah Earby,CB,Boise State,651,2026
Andrew Paul,RB,Jacksonville State,652,2026
Cameron Robertson,DE,SMU,653,2026
Savion Red,RB,Sacramento State,654,2026
Pichon Wimbley,IOL,Georgia Southern,655,2026
Owen McCown,QB,UTSA,656,2026
Malik Spencer,S,Michigan State,657,2026
Kyron Barnes,OT,Nicholls State,658,2026
Wade Woodaz,LB,Clemson,659,2026
Sean FitzSimmons,DT,Pittsburgh,660,2026
John Bock II,IOL,Tulane,661,2026
Robert Gunn,K,Clemson,662,2026
Van Wells,IOL,Oregon State,663,2026
Bryce McFerson,P,Maryland,664,2026
Noah Fifita,QB,Arizona,665,2026
Ryan Baer,IOL,Pittsburgh,666,2026
Richard Reese,RB,Stephen F. Austin,667,2026
Gavin Gibson,CB,North Carolina,668,2026
Cade McConnell,IOL,Vanderbilt,669,2026
Damonic Williams,DT,Oklahoma,670,2026
Jaron Glover,WR,Mississippi State,671,2026
Trevyon Green,OT,North Carolina,672,2026
Eddie Kelly,DT,West Virginia,673,2026
Kam Olds,DE,Kentucky,674,2026
Beau Atkinson,DE,Ohio State,675,2026
Justus Ross-Simmons,WR,Syracuse,676,2026
Josh Kattus,TE,Kentucky,677,2026
Deshaun Lee,CB,Iowa,678,2026
Max Fletcher,P,Cincinnati,679,2026
Darren Agu,DE,New Mexico,680,2026
Jayden McGowan,WR,Charlotte,681,2026
Braxton Fely,DT,Boise State,682,2026
Teague Andersen,IOL,North Carolina State,683,2026
Tyler Perkins,P,Iowa State,684,2026
Nate Johnson,QB,Utah,685,2026
Alex McPherson,K,Auburn,686,2026
Lance St. Louis,LS,Texas,687,2026
Jackson Lee,LS,Florida Atlantic,688,2026
Jordan Pollard,LB,San Jose State,689,2026
Fisher Camac,DE,Virginia,690,2026
Jay'Vion Cole,CB,Arizona,691,2026
Nate Merchant,LS,Coastal Carolina,692,2026
Eli Stein,LS,Cincinnati,693,2026
Bryan McCoy,LB,Oklahoma State,694,2026
Maurice Westmoreland,DE,Tulane,695,2026
Liam Becher,IOL,North Dakota,696,2026
Omar Aigbedion,IOL,Baylor,697,2026
Desmeal Leigh,OT,Youngstown State,698,2026
Quinten Christensen,IOL,South Dakota State,699,2026
Justin Kirkland,DT,BYU,700,2026
Sam Huard,QB,USC,701,2026
Korey Foreman,DE,Fresno State,702,2026
Damon Payne,DT,Michigan,703,2026
Sage Ryan,S,Mississippi,704,2026
JoJo Earle,WR,UNLV,705,2026
Jabari Ishmael,DE,Southern Mississippi,706,2026
Preston Stone,QB,Northwestern,707,2026
Teddy Prochazka,OT,Nebraska,708,2026
Kyron Ware-Hudson,WR,Penn State,709,2026
Zaire Patterson,DE,Clemson,710,2026
Christian Leary,WR,Western Michigan,711,2026
Raheem Anderson,IOL,Western Michigan,712,2026
Ezra Dotson-Oyetade,IOL,Texas State,713,2026
Nyland Green,CB,Arizona State,714,2026
Jayden Ballard,WR,Wisconsin,715,2026
Bryce Carter,DT,Texas State,716,2026
Gabriel Rubio,DT,Notre Dame,717,2026
Terrence Ferguson II,IOL,Syracuse,718,2026
Ethan Calvert,LB,Cal Poly Pomona,719,2026
Dacari Collins,WR,Louisville,720,2026
Jaylin Davies,CB,Oklahoma State,721,2026
Marcus Burris,DT,Memphis,722,2026
Jonathan Jefferson,DT,SMU,723,2026
Avante Dickerson,CB,Arkansas State,724,2026
Byron Cardwell,RB,San Diego State,725,2026
Jeremiah Williams,DE,Texas A&M,726,2026
Kaidon Salter,QB,Colorado,727,2026
Prophet Brown,CB,USC,728,2026
Tywone Malone,DT,Ohio State,729,2026
Cade Denhoff,DE,Clemson,730,2026
Reuben Fatheree II,OT,Texas A&M,731,2026
Deion Colzie,WR,Miami (Ohio),732,2026
Clayton Smith,DE,Arizona State,733,2026
Dylan Brooks,DE,Kansas,734,2026
Latrell McCutchin,CB,Houston,735,2026
Keanu Koht,DE,Vanderbilt,736,2026
Trevion Cooley,RB,Troy,737,2026
Kadarius Calloway,RB,New Mexico State,738,2026
Zen Michalski,OT,Indiana,739,2026
Carlos Del Rio-Wilson,QB,Marshall,740,2026
Bram Walden,IOL,Arizona State,741,2026
Derrick Davis Jr.,RB,Pittsburgh,742,2026
Savion Byrd,IOL,SMU,743,2026
Raesjon Davis,LB,Oregon State,744,2026
Armoni Goodwin,RB,UT Martin,745,2026
Ty Thompson,TE,Tulane,746,2026
Shadrach Banks,LB,UTSA,747,2026
Cody Jackson,WR,Tarleton State,748,2026
David Daniel-Sisavanh,S,Troy,749,2026
Lorenzo Styles Jr.,CB,Ohio State,750,2026
Reid Carrico,LB,West Virginia,751,2026
Prince Kollie,LB,Vanderbilt,752,2026
Damarius McGhee,CB,Florida Atlantic,753,2026
L.J. Johnson Jr.,RB,California,754,2026
Elliot Donald,DT,Pittsburgh,755,2026
Malik McClain,WR,Arizona State,756,2026
J.P. Benzschawel,IOL,Wisconsin,757,2026
Kelvin Gilliam,DT,Virginia Tech,758,2026
Keli Lawson,LB,UCF,759,2026
Khordae Sydnor,DE,Vanderbilt,760,2026
Andrel Anthony,WR,Duke,761,2026
Dylan Rosiek,LB,Illinois,762,2026
DeAndre Boykins,CB,Oklahoma State,763,2026
Mason Murphy,OT,Auburn,764,2026
Jayden Thomas,OT,Auburn,765,2026
Logan Diggs,RB,Mississippi,766,2026
Jordan Favors,S,Appalachian State,767,2026
Tiaoalii Savea,DT,Arizona,768,2026
Daylan Carnell,S,Missouri,769,2026
Jared Brown,WR,South Carolina,770,2026
Jason Henderson,LB,Old Dominion,771,2026
Chamon Metayer,TE,Arizona State,772,2026
Barika Kpeenu,RB,North Dakota State,773,2026
Shyheim Brown,S,Florida State,774,2026
Jaden Keller,LB,Virginia Tech,775,2026
Alton McCaskill IV,RB,Sam Houston State,776,2026
Jerand Bradley,WR,Kansas State,777,2026
Dominick Giudice,IOL,Missouri,778,2026
Darian Chestnut,CB,Syracuse,779,2026
Joseph Manjack IV,WR,TCU,780,2026
Ryan Mosesso,OT,Massachusetts,781,2026
Rara Thomas,WR,Troy,782,2026
Sean Brown,LB,North Carolina State,783,2026
Jaden Bray,WR,West Virginia,784,2026
Roy Williams,DE,Northern Illinois,785,2026
Cade Zimmerly,IOL,Bowling Green,786,2026
Bert Auburn,K,Miami,787,2026
Ashton Grable,IOL,Florida A&M,788,2026
Preston Hodge,CB,Colorado,789,2026
Kamryn Waites,IOL,Florida,790,2026
Max Tomzcak,WR,Youngstown State,791,2026
Bruno Onwuazor,OT,Virginia State,792,2026
Ryder Langsdale,OT,Rutgers,793,2026
Ross James,P,Oregon,794,2026
Tony Grimes,CB,Purdue,795,2026
Justin Flowe,LB,UNLV,796,2026
Bangally Kamara,LB,Kansas,797,2026
Aki Ogunbiyi,IOL,Colorado,798,2026
Jeff Sims,QB,Arizona State,799,2026
Chad Lindberg,IOL,North Carolina,800,2026
Andrew Gentry,OT,BYU,801,2026
E.J. Smith,RB,Texas A&M,802,2026
Key Lawrence,CB,UCLA,803,2026
Turner Corcoran,IOL,Nebraska,804,2026
Tosh Baker,OT,Notre Dame,805,2026
Zykeivous Walker,DT,Auburn,806,2026
Roydell Williams,RB,Florida State,807,2026
E.J. Williams,WR,Indiana,808,2026
Walker Parks,IOL,Clemson,809,2026
Drew Pyne,QB,Bowling Green,810,2026
Reggie Grimes,DE,Memphis,811,2026
Tyler Van Dyke,QB,SMU,812,2026
Malcolm Greene,S,Massachusetts,813,2026
Stephen Dix Jr.,LB,Arkansas,814,2026
Demon Clowney,DE,South Carolina,815,2026
Xavion Alford,S,Arizona State,816,2026
Jalen Berger,RB,UCLA,817,2026
D.J. Graham,CB,Kansas,818,2026
Jahmeer Carter,DT,Virginia,819,2026
Devin Neal,S,Virginia,820,2026
Karon Prunty,CB,Wake Forest,821,2026
Stefon Thompson,LB,Florida State,822,2026
Payton Zdroik,DT,Air Force,823,2026
Nate Rutchena,TE,UC Davis,824,2026
Nick Dawkins,IOL,Penn State,825,2026
Monroe Mills,OT,Virginia,826,2026
Hunter Zambrano,IOL,Texas Tech,827,2026
Courtland Ford,OT,UCLA,828,2026
Jimari Butler,DE,LSU,829,2026
Leon Lowery Jr.,LB,Illinois,830,2026
Cam Porter,RB,Northwestern,831,2026
Gilber Edmond,DE,South Carolina,832,2026
Xavier Hill,IOL,Colorado,833,2026
Dominic Richardson,RB,Tulsa,834,2026
Ja'Mori Maclin,WR,Kentucky,835,2026
Jordan White,IOL,Vanderbilt,836,2026
Will Shaffer,LB,Abilene Christian,837,2026
Alex Wollschlaeger,OT,Kentucky,838,2026
Tyree Skipper,S,Louisiana Lafayette,839,2026
Tavian Coleman,DT,Colorado,840,2026
Matthew Sluka,QB,James Madison,841,2026
Ta Yanta II,IOL,North Texas,842,2026
Cade McNamara,QB,East Tennessee State,843,2026
Donavon Greene,WR,Virginia Tech,844,2026
Ja'Varrius Johnson,WR,UCF,845,2026
Ben Coleman,IOL,Arizona State,846,2026
Zach Calzada,QB,Kentucky,847,2026
Antonio Clary,S,Virginia,848,2026
Dequan Finn,QB,Miami (Ohio),849,2026
Matthew Bedford,OT,Oregon,850,2026
Isheem Young,S,Memphis,851,2026
Levani Damuni,LB,Utah,852,2026